epoch,loss,rank1,rank5,mAP,time_seconds
1,2.458099099436016,0.9106078665077473,0.9564958283671037,0.5359573762385439,6036.530387401581
